latitude,longitude,elevation,utc_offset_seconds,timezone,timezone_abbreviation
28.625,77.25,231.0,25200,Asia/Bangkok,+07

time,temperature_2m (°C),relative_humidity_2m (%),apparent_temperature (°C),is_day (),precipitation (inch),rain (inch),showers (inch),weather_code (wmo code),cloud_cover (%),surface_pressure (hPa),wind_speed_10m (km/h),wind_direction_10m (°),wind_gusts_10m (km/h)
2024-12-08T19:00,18.9,47,17.3,0,0.000,0.000,0.000,2,52,984.5,6.0,123,14.0

time,temperature_2m (°C),relative_humidity_2m (%),apparent_temperature (°C),precipitation (inch),cloud_cover (%),wind_speed_10m (km/h),shortwave_radiation (W/m²),direct_radiation (W/m²),diffuse_radiation (W/m²),direct_normal_irradiance (W/m²),global_tilted_irradiance (W/m²),terrestrial_radiation (W/m²)
2024-12-01T00:00,17.1,77,17.5,0.000,0,3.6,0.0,0.0,0.0,0.0,0.0,0.0
2024-12-01T01:00,16.1,80,16.3,0.000,0,3.6,0.0,0.0,0.0,0.0,0.0,0.0
2024-12-01T02:00,15.3,83,15.5,0.000,0,3.7,0.0,0.0,0.0,0.0,0.0,0.0
2024-12-01T03:00,14.9,84,15.0,0.000,0,3.4,0.0,0.0,0.0,0.0,0.0,0.0
2024-12-01T04:00,14.5,85,14.5,0.000,0,3.5,0.0,0.0,0.0,0.0,0.0,0.0
2024-12-01T05:00,14.2,86,14.2,0.000,0,3.4,0.0,0.0,0.0,0.0,0.0,0.0
2024-12-01T06:00,13.9,86,13.8,0.000,0,3.3,0.0,0.0,0.0,0.0,0.0,0.0
2024-12-01T07:00,13.3,88,13.2,0.000,3,3.5,0.0,0.0,0.0,0.0,0.0,0.0
2024-12-01T08:00,13.1,88,12.9,0.000,0,3.2,0.0,0.0,0.0,0.0,0.0,0.0
2024-12-01T09:00,13.0,88,12.9,0.000,0,2.7,14.0,5.0,9.0,57.8,14.0,61.0
2024-12-01T10:00,14.5,83,14.7,0.000,0,1.9,149.0,99.0,50.0,503.0,149.0,276.9
2024-12-01T11:00,17.7,68,17.7,0.000,0,3.1,334.0,262.0,72.0,707.3,334.0,521.1
2024-12-01T12:00,20.5,57,20.6,0.000,0,3.1,492.0,410.0,82.0,809.2,492.0,712.8
2024-12-01T13:00,22.9,50,23.3,0.000,0,3.4,598.0,512.0,86.0,858.8,598.0,838.8
2024-12-01T14:00,24.4,45,24.6,0.000,0,5.6,643.0,556.0,87.0,878.4,643.0,890.6
2024-12-01T15:00,25.1,44,25.1,0.000,0,6.9,621.0,536.0,85.0,872.2,621.0,864.6
2024-12-01T16:00,25.3,43,24.8,0.000,0,7.4,534.0,454.0,80.0,837.6,534.0,762.6
2024-12-01T17:00,25.1,44,24.6,0.000,0,7.4,392.0,321.0,71.0,763.5,392.0,591.6
2024-12-01T18:00,24.3,46,23.9,0.000,0,7.1,210.0,155.0,55.0,600.6,210.0,363.1
2024-12-01T19:00,22.5,57,23.0,0.000,0,3.8,41.0,21.0,20.0,175.5,41.0,108.2
2024-12-01T20:00,20.9,63,21.5,0.000,0,3.3,0.0,0.0,0.0,0.0,0.0,0.0
2024-12-01T21:00,19.9,68,20.5,0.000,0,3.6,0.0,0.0,0.0,0.0,0.0,0.0
2024-12-01T22:00,19.1,70,19.7,0.000,0,3.3,0.0,0.0,0.0,0.0,0.0,0.0
2024-12-01T23:00,18.3,73,18.8,0.000,0,3.3,0.0,0.0,0.0,0.0,0.0,0.0
2024-12-02T00:00,17.6,74,18.0,0.000,0,3.1,0.0,0.0,0.0,0.0,0.0,0.0
2024-12-02T01:00,15.9,80,16.2,0.000,0,3.1,0.0,0.0,0.0,0.0,0.0,0.0
2024-12-02T02:00,15.2,81,15.3,0.000,0,3.8,0.0,0.0,0.0,0.0,0.0,0.0
2024-12-02T03:00,14.7,82,14.7,0.000,0,3.7,0.0,0.0,0.0,0.0,0.0,0.0
2024-12-02T04:00,14.2,83,14.1,0.000,0,3.8,0.0,0.0,0.0,0.0,0.0,0.0
2024-12-02T05:00,13.8,83,13.5,0.000,0,3.5,0.0,0.0,0.0,0.0,0.0,0.0
2024-12-02T06:00,13.3,83,12.8,0.000,0,3.9,0.0,0.0,0.0,0.0,0.0,0.0
2024-12-02T07:00,12.7,85,12.3,0.000,0,3.4,0.0,0.0,0.0,0.0,0.0,0.0
2024-12-02T08:00,12.3,85,11.8,0.000,0,3.2,0.0,0.0,0.0,0.0,0.0,0.0
2024-12-02T09:00,12.2,85,11.7,0.000,0,2.9,13.0,5.0,8.0,58.7,13.0,59.1
2024-12-02T10:00,14.0,78,13.7,0.000,0,2.6,150.0,100.0,50.0,515.3,150.0,273.1
2024-12-02T11:00,17.3,66,17.3,0.000,0,1.8,336.0,263.0,73.0,715.2,336.0,517.5
2024-12-02T12:00,20.6,53,20.3,0.000,0,3.4,496.0,413.0,83.0,819.3,496.0,709.4
2024-12-02T13:00,23.4,45,23.4,0.000,0,3.6,606.0,518.0,88.0,872.3,606.0,835.7
2024-12-02T14:00,24.7,41,24.8,0.000,0,5.1,649.0,561.0,88.0,889.1,649.0,888.0
2024-12-02T15:00,25.6,40,25.5,0.000,0,5.5,626.0,540.0,86.0,881.1,626.0,862.5
2024-12-02T16:00,25.9,38,25.3,0.000,0,5.0,538.0,457.0,81.0,845.1,538.0,761.1
2024-12-02T17:00,25.7,39,25.2,0.000,0,4.8,394.0,323.0,71.0,769.7,394.0,590.6
2024-12-02T18:00,25.0,41,24.6,0.000,0,4.2,213.0,157.0,56.0,609.3,213.0,362.7
2024-12-02T19:00,23.1,54,23.7,0.000,0,3.1,41.0,21.0,20.0,175.6,41.0,108.0
2024-12-02T20:00,21.6,59,22.3,0.000,0,2.6,0.0,0.0,0.0,0.0,0.0,0.0
2024-12-02T21:00,20.1,64,20.7,0.000,0,2.7,0.0,0.0,0.0,0.0,0.0,0.0
2024-12-02T22:00,19.2,68,19.7,0.000,0,3.3,0.0,0.0,0.0,0.0,0.0,0.0
2024-12-02T23:00,18.4,71,18.9,0.000,0,3.0,0.0,0.0,0.0,0.0,0.0,0.0
2024-12-03T00:00,17.6,75,18.1,0.000,0,2.7,0.0,0.0,0.0,0.0,0.0,0.0
2024-12-03T01:00,16.3,81,16.7,0.000,0,3.3,0.0,0.0,0.0,0.0,0.0,0.0
2024-12-03T02:00,15.7,83,16.1,0.000,0,3.6,0.0,0.0,0.0,0.0,0.0,0.0
2024-12-03T03:00,15.3,84,15.5,0.000,0,3.8,0.0,0.0,0.0,0.0,0.0,0.0
2024-12-03T04:00,14.8,86,15.0,0.000,0,3.7,0.0,0.0,0.0,0.0,0.0,0.0
2024-12-03T05:00,14.3,87,14.4,0.000,0,3.8,0.0,0.0,0.0,0.0,0.0,0.0
2024-12-03T06:00,13.7,89,13.7,0.000,0,3.8,0.0,0.0,0.0,0.0,0.0,0.0
2024-12-03T07:00,13.9,87,13.8,0.000,0,3.8,0.0,0.0,0.0,0.0,0.0,0.0
2024-12-03T08:00,13.3,88,13.2,0.000,0,3.7,0.0,0.0,0.0,0.0,0.0,0.0
2024-12-03T09:00,13.0,89,13.0,0.000,0,2.8,12.0,4.0,8.0,47.7,12.0,57.2
2024-12-03T10:00,14.4,85,14.7,0.000,0,2.3,147.0,96.0,51.0,501.7,147.0,269.4
2024-12-03T11:00,17.5,72,17.9,0.000,0,2.1,332.0,259.0,73.0,709.5,332.0,513.9
2024-12-03T12:00,20.4,62,20.9,0.000,0,2.6,492.0,408.0,84.0,813.5,492.0,706.0
2024-12-03T13:00,23.4,48,23.6,0.000,0,4.8,600.0,512.0,88.0,865.5,600.0,832.8
2024-12-03T14:00,25.2,42,25.3,0.000,0,6.1,645.0,557.0,88.0,885.5,645.0,885.5
2024-12-03T15:00,26.3,37,25.8,0.000,0,7.7,624.0,538.0,86.0,880.1,624.0,860.6
2024-12-03T16:00,26.6,35,25.4,0.000,0,8.4,537.0,457.0,80.0,846.9,537.0,759.7
2024-12-03T17:00,26.4,36,25.2,0.000,0,8.4,394.0,323.0,71.0,771.0,394.0,589.8
2024-12-03T18:00,25.6,38,24.5,0.000,0,7.4,212.0,157.0,55.0,610.0,212.0,362.3
2024-12-03T19:00,23.4,51,23.7,0.000,0,3.7,41.0,21.0,20.0,175.7,41.0,108.0
2024-12-03T20:00,21.7,57,22.0,0.000,0,3.8,0.0,0.0,0.0,0.0,0.0,0.0
2024-12-03T21:00,20.6,63,21.0,0.000,0,4.1,0.0,0.0,0.0,0.0,0.0,0.0
2024-12-03T22:00,19.5,67,19.9,0.000,0,4.1,0.0,0.0,0.0,0.0,0.0,0.0
2024-12-03T23:00,18.4,71,18.6,0.000,0,4.6,0.0,0.0,0.0,0.0,0.0,0.0
2024-12-04T00:00,17.4,74,17.6,0.000,0,4.6,0.0,0.0,0.0,0.0,0.0,0.0
2024-12-04T01:00,16.5,80,16.6,0.000,0,5.5,0.0,0.0,0.0,0.0,0.0,0.0
2024-12-04T02:00,16.1,80,16.1,0.000,0,5.5,0.0,0.0,0.0,0.0,0.0,0.0
2024-12-04T03:00,15.7,81,15.6,0.000,0,5.5,0.0,0.0,0.0,0.0,0.0,0.0
2024-12-04T04:00,15.3,82,15.2,0.000,0,5.6,0.0,0.0,0.0,0.0,0.0,0.0
2024-12-04T05:00,14.9,83,14.7,0.000,0,5.7,0.0,0.0,0.0,0.0,0.0,0.0
2024-12-04T06:00,14.3,83,13.9,0.000,0,6.0,0.0,0.0,0.0,0.0,0.0,0.0
2024-12-04T07:00,14.8,80,14.3,0.000,0,5.9,0.0,0.0,0.0,0.0,0.0,0.0
2024-12-04T08:00,14.4,81,13.8,0.000,0,5.9,0.0,0.0,0.0,0.0,0.0,0.0
2024-12-04T09:00,14.2,81,13.7,0.000,0,5.8,12.0,4.0,8.0,48.5,12.0,55.3
2024-12-04T10:00,15.7,73,14.9,0.000,0,6.8,146.0,96.0,50.0,508.9,146.0,265.6
2024-12-04T11:00,18.4,61,17.5,0.000,0,8.0,334.0,261.0,73.0,720.2,334.0,510.3
2024-12-04T12:00,21.1,51,20.0,0.000,0,8.9,495.0,412.0,83.0,825.6,495.0,702.7
2024-12-04T13:00,23.3,42,22.3,0.000,0,8.3,604.0,517.0,87.0,877.2,604.0,829.9
2024-12-04T14:00,25.0,34,23.6,0.000,0,10.1,654.0,566.0,88.0,902.5,654.0,883.1
2024-12-04T15:00,26.0,29,24.1,0.000,0,10.2,635.0,550.0,85.0,901.9,635.0,858.8
2024-12-04T16:00,26.3,28,23.9,0.000,0,9.8,548.0,468.0,80.0,868.9,548.0,758.5
2024-12-04T17:00,26.1,27,23.5,0.000,0,10.0,403.0,332.0,71.0,793.7,403.0,589.1
2024-12-04T18:00,25.2,29,22.8,0.000,0,8.7,218.0,163.0,55.0,633.8,218.0,362.2
2024-12-04T19:00,23.1,38,21.7,0.000,0,5.5,43.0,23.0,20.0,192.4,43.0,108.0
2024-12-04T20:00,21.2,45,20.1,0.000,0,4.9,0.0,0.0,0.0,0.0,0.0,0.0
2024-12-04T21:00,20.0,49,19.0,0.000,0,4.9,0.0,0.0,0.0,0.0,0.0,0.0
2024-12-04T22:00,18.8,52,17.7,0.000,0,4.9,0.0,0.0,0.0,0.0,0.0,0.0
2024-12-04T23:00,17.8,55,16.7,0.000,0,4.8,0.0,0.0,0.0,0.0,0.0,0.0
2024-12-05T00:00,17.0,57,15.8,0.000,0,4.7,0.0,0.0,0.0,0.0,0.0,0.0
2024-12-05T01:00,15.4,66,14.4,0.000,0,4.7,0.0,0.0,0.0,0.0,0.0,0.0
2024-12-05T02:00,14.8,68,13.8,0.000,0,4.7,0.0,0.0,0.0,0.0,0.0,0.0
2024-12-05T03:00,14.2,71,13.3,0.000,0,4.3,0.0,0.0,0.0,0.0,0.0,0.0
2024-12-05T04:00,13.6,74,12.7,0.000,0,4.3,0.0,0.0,0.0,0.0,0.0,0.0
2024-12-05T05:00,13.1,76,12.1,0.000,0,4.4,0.0,0.0,0.0,0.0,0.0,0.0
2024-12-05T06:00,12.5,78,11.5,0.000,0,4.4,0.0,0.0,0.0,0.0,0.0,0.0
2024-12-05T07:00,11.6,83,10.6,0.000,0,4.0,0.0,0.0,0.0,0.0,0.0,0.0
2024-12-05T08:00,11.1,85,10.1,0.000,0,4.0,0.0,0.0,0.0,0.0,0.0,0.0
2024-12-05T09:00,10.8,85,9.7,0.000,0,4.0,11.0,4.0,7.0,49.3,11.0,53.4
2024-12-05T10:00,12.6,77,11.6,0.000,0,4.0,149.0,99.0,50.0,532.3,149.0,262.0
2024-12-05T11:00,15.8,62,14.6,0.000,0,5.4,341.0,269.0,72.0,747.7,341.0,506.8
2024-12-05T12:00,18.6,52,17.3,0.000,0,5.8,506.0,423.0,83.0,851.7,506.0,699.5
2024-12-05T13:00,21.4,38,19.8,0.000,0,7.3,617.0,530.0,87.0,902.6,617.0,827.1
2024-12-05T14:00,22.8,30,20.6,0.000,0,9.9,666.0,578.0,88.0,924.3,666.0,880.8
2024-12-05T15:00,23.3,29,20.9,0.000,0,10.1,644.0,558.0,86.0,917.1,644.0,857.0
2024-12-05T16:00,23.5,28,20.6,0.000,0,10.1,554.0,473.0,81.0,879.7,554.0,757.3
2024-12-05T17:00,23.2,28,20.2,0.000,0,9.9,408.0,336.0,72.0,804.2,408.0,588.5
2024-12-05T18:00,22.4,29,19.6,0.000,0,8.7,222.0,166.0,56.0,645.8,222.0,362.1
2024-12-05T19:00,21.1,38,19.5,0.000,0,4.7,43.0,23.0,20.0,192.4,43.0,108.1
2024-12-05T20:00,19.4,46,18.1,0.000,0,4.0,0.0,0.0,0.0,0.0,0.0,0.0
2024-12-05T21:00,18.4,50,17.2,0.000,0,3.7,0.0,0.0,0.0,0.0,0.0,0.0
2024-12-05T22:00,17.5,52,16.3,0.000,0,3.5,0.0,0.0,0.0,0.0,0.0,0.0
2024-12-05T23:00,16.6,54,15.4,0.000,0,3.7,0.0,0.0,0.0,0.0,0.0,0.0
2024-12-06T00:00,15.7,57,14.4,0.000,0,3.8,0.0,0.0,0.0,0.0,0.0,0.0
2024-12-06T01:00,14.1,67,13.0,0.000,0,4.0,0.0,0.0,0.0,0.0,0.0,0.0
2024-12-06T02:00,13.2,70,12.1,0.000,0,3.6,0.0,0.0,0.0,0.0,0.0,0.0
2024-12-06T03:00,12.7,72,11.5,0.000,0,3.6,0.0,0.0,0.0,0.0,0.0,0.0
2024-12-06T04:00,12.4,72,11.2,0.000,0,4.0,0.0,0.0,0.0,0.0,0.0,0.0
2024-12-06T05:00,12.1,72,10.7,0.000,0,4.3,0.0,0.0,0.0,0.0,0.0,0.0
2024-12-06T06:00,11.7,74,10.1,0.000,0,5.8,0.0,0.0,0.0,0.0,0.0,0.0
2024-12-06T07:00,11.4,77,9.9,0.000,0,5.4,0.0,0.0,0.0,0.0,0.0,0.0
2024-12-06T08:00,10.8,78,9.2,0.000,0,5.8,0.0,0.0,0.0,0.0,0.0,0.0
2024-12-06T09:00,10.6,79,9.0,0.000,0,5.4,11.0,4.0,7.0,50.1,11.0,51.5
2024-12-06T10:00,12.4,74,11.0,0.000,0,5.4,144.0,95.0,49.0,518.1,144.0,258.4
2024-12-06T11:00,15.6,61,14.3,0.000,0,5.4,335.0,263.0,72.0,736.2,335.0,503.3
2024-12-06T12:00,18.8,51,17.4,0.000,0,6.5,498.0,417.0,81.0,843.7,498.0,696.4
2024-12-06T13:00,21.6,38,20.3,0.000,0,5.6,610.0,525.0,85.0,897.2,610.0,824.4
2024-12-06T14:00,23.0,31,21.2,0.000,0,8.1,658.0,572.0,86.0,917.2,658.0,878.7
2024-12-06T15:00,23.6,30,21.5,0.000,0,9.4,638.0,555.0,83.0,914.1,638.0,855.5
2024-12-06T16:00,23.7,29,20.8,0.000,0,10.4,552.0,473.0,79.0,881.1,552.0,756.4
2024-12-06T17:00,23.2,28,20.3,0.000,0,9.8,407.0,337.0,70.0,807.4,407.0,588.1
2024-12-06T18:00,22.3,29,19.5,0.000,0,8.2,222.0,167.0,55.0,649.7,222.0,362.2
2024-12-06T19:00,21.0,38,19.3,0.000,0,4.7,44.0,24.0,20.0,200.6,44.0,108.3
2024-12-06T20:00,19.1,44,17.7,0.000,0,3.9,0.0,0.0,0.0,0.0,0.0,0.0
2024-12-06T21:00,18.0,48,16.6,0.000,0,3.6,0.0,0.0,0.0,0.0,0.0,0.0
2024-12-06T22:00,17.2,50,15.8,0.000,0,3.2,0.0,0.0,0.0,0.0,0.0,0.0
2024-12-06T23:00,16.3,53,15.0,0.000,0,3.4,0.0,0.0,0.0,0.0,0.0,0.0
2024-12-07T00:00,15.4,55,13.9,0.000,0,3.5,0.0,0.0,0.0,0.0,0.0,0.0
2024-12-07T01:00,12.5,70,11.3,0.000,0,2.9,0.0,0.0,0.0,0.0,0.0,0.0
2024-12-07T02:00,11.8,71,10.5,0.000,0,2.6,0.0,0.0,0.0,0.0,0.0,0.0
2024-12-07T03:00,11.1,73,9.8,0.000,0,2.5,0.0,0.0,0.0,0.0,0.0,0.0
2024-12-07T04:00,10.5,75,9.1,0.000,0,2.9,0.0,0.0,0.0,0.0,0.0,0.0
2024-12-07T05:00,10.1,76,8.6,0.000,0,3.2,0.0,0.0,0.0,0.0,0.0,0.0
2024-12-07T06:00,9.7,77,8.2,0.000,0,3.3,0.0,0.0,0.0,0.0,0.0,0.0
2024-12-07T07:00,9.9,79,8.5,0.000,0,3.3,0.0,0.0,0.0,0.0,0.0,0.0
2024-12-07T08:00,9.6,80,8.2,0.000,0,3.0,0.0,0.0,0.0,0.0,0.0,0.0
2024-12-07T09:00,9.4,81,8.0,0.000,0,3.1,11.0,4.0,7.0,50.9,11.0,49.7
2024-12-07T10:00,11.3,76,10.2,0.000,0,2.5,145.0,97.0,48.0,536.5,145.0,254.8
2024-12-07T11:00,15.0,62,14.2,0.000,0,1.4,336.0,266.0,70.0,749.8,336.0,500.0
2024-12-07T12:00,18.4,49,17.4,0.000,0,2.3,500.0,420.0,80.0,853.7,500.0,693.4
2024-12-07T13:00,21.2,38,20.3,0.000,0,2.4,611.0,528.0,83.0,905.4,611.0,821.8
2024-12-07T14:00,22.4,28,21.0,0.000,0,3.6,662.0,578.0,84.0,929.2,662.0,876.6
2024-12-07T15:00,22.9,26,21.1,0.000,0,4.3,641.0,560.0,81.0,924.2,641.0,854.0
2024-12-07T16:00,22.9,26,20.6,0.000,0,4.1,553.0,476.0,77.0,888.0,553.0,755.5
2024-12-07T17:00,22.6,27,20.3,0.000,0,4.1,408.0,339.0,69.0,812.8,408.0,587.8
2024-12-07T18:00,21.7,29,19.5,0.000,0,3.6,223.0,168.0,55.0,653.3,223.0,362.4
2024-12-07T19:00,19.9,44,18.8,0.000,0,2.2,44.0,24.0,20.0,200.3,44.0,108.5
2024-12-07T20:00,17.7,47,16.5,0.000,0,1.6,0.0,0.0,0.0,0.0,0.0,0.0
2024-12-07T21:00,16.4,50,15.1,0.000,0,1.9,0.0,0.0,0.0,0.0,0.0,0.0
2024-12-07T22:00,15.4,52,13.9,0.000,0,2.1,0.0,0.0,0.0,0.0,0.0,0.0
2024-12-07T23:00,14.5,54,12.9,0.000,0,3.1,0.0,0.0,0.0,0.0,0.0,0.0
2024-12-08T00:00,13.8,58,12.2,0.000,0,3.4,0.0,0.0,0.0,0.0,0.0,0.0
2024-12-08T01:00,12.1,72,11.0,0.000,0,2.5,0.0,0.0,0.0,0.0,0.0,0.0
2024-12-08T02:00,11.6,74,10.3,0.000,0,3.6,0.0,0.0,0.0,0.0,0.0,0.0
2024-12-08T03:00,11.1,75,9.7,0.000,0,4.1,0.0,0.0,0.0,0.0,0.0,0.0
2024-12-08T04:00,10.7,76,9.1,0.000,0,4.9,0.0,0.0,0.0,0.0,0.0,0.0
2024-12-08T05:00,10.4,77,8.6,0.000,0,5.7,0.0,0.0,0.0,0.0,0.0,0.0
2024-12-08T06:00,10.4,76,8.4,0.000,0,6.8,0.0,0.0,0.0,0.0,0.0,0.0
2024-12-08T07:00,10.2,76,8.4,0.000,0,5.4,0.0,0.0,0.0,0.0,0.0,0.0
2024-12-08T08:00,9.6,76,7.5,0.000,8,6.6,0.0,0.0,0.0,0.0,0.0,0.0
2024-12-08T09:00,9.4,78,7.5,0.000,0,5.6,9.0,3.0,6.0,38.8,9.0,47.9
2024-12-08T10:00,10.7,74,9.1,0.000,0,4.7,140.0,92.0,48.0,516.1,140.0,251.3
2024-12-08T11:00,14.6,59,12.8,0.000,0,6.8,329.0,258.0,71.0,732.3,329.0,496.7
2024-12-08T12:00,17.9,49,16.0,0.000,0,7.7,490.0,410.0,80.0,837.1,490.0,690.4
2024-12-08T13:00,20.5,38,18.4,0.000,50,8.6,597.0,513.0,84.0,882.6,597.0,819.4
2024-12-08T14:00,21.5,35,19.0,0.000,68,8.7,547.0,375.0,172.0,604.4,547.0,874.7
2024-12-08T15:00,21.9,34,19.7,0.000,70,7.5,464.0,289.0,175.0,477.8,464.0,852.7
2024-12-08T16:00,22.0,33,19.6,0.000,66,7.4,366.0,214.0,152.0,399.7,366.0,754.8
2024-12-08T17:00,21.8,35,19.6,0.000,69,7.5,281.0,164.0,117.0,393.4,281.0,587.7
2024-12-08T18:00,20.9,39,19.2,0.000,66,5.4,141.0,65.0,76.0,252.6,141.0,362.8
2024-12-08T19:00,18.9,47,17.3,0.000,52,6.0,30.0,9.0,21.0,75.0,30.0,108.9
2024-12-08T20:00,17.1,55,15.6,0.008,89,6.0,0.0,0.0,0.0,0.0,0.0,0.0
2024-12-08T21:00,16.4,56,14.6,0.000,42,7.5,0.0,0.0,0.0,0.0,0.0,0.0
2024-12-08T22:00,15.6,57,13.7,0.000,52,7.6,0.0,0.0,0.0,0.0,0.0,0.0
2024-12-08T23:00,15.1,58,13.2,0.000,50,7.4,0.0,0.0,0.0,0.0,0.0,0.0
2024-12-09T00:00,14.1,62,12.4,0.000,27,6.4,0.0,0.0,0.0,0.0,0.0,0.0
2024-12-09T01:00,13.5,67,12.4,0.000,47,3.0,0.0,0.0,0.0,0.0,0.0,0.0
2024-12-09T02:00,12.0,76,10.0,0.004,74,9.8,0.0,0.0,0.0,0.0,0.0,0.0
2024-12-09T03:00,11.8,81,10.3,0.012,71,7.4,0.0,0.0,0.0,0.0,0.0,0.0
2024-12-09T04:00,11.6,85,10.5,0.016,78,5.5,0.0,0.0,0.0,0.0,0.0,0.0
2024-12-09T05:00,11.4,85,10.0,0.004,43,7.6,0.0,0.0,0.0,0.0,0.0,0.0
2024-12-09T06:00,11.3,84,9.8,0.000,51,7.9,0.0,0.0,0.0,0.0,0.0,0.0
2024-12-09T07:00,11.2,83,9.7,0.000,42,7.2,0.0,0.0,0.0,0.0,0.0,0.0
2024-12-09T08:00,11.0,84,9.7,0.000,65,5.8,0.0,0.0,0.0,0.0,0.0,0.0
2024-12-09T09:00,10.7,86,9.8,0.000,56,3.1,9.0,3.0,6.0,39.4,9.0,46.1
2024-12-09T10:00,12.0,81,11.4,0.000,67,1.5,130.0,77.0,53.0,438.0,130.0,247.9
2024-12-09T11:00,14.2,71,13.4,0.000,46,3.1,304.0,203.0,101.0,580.1,304.0,493.4
2024-12-09T12:00,16.5,62,15.8,0.000,33,3.7,465.0,342.0,123.0,701.4,465.0,687.6
2024-12-09T13:00,18.6,54,17.8,0.000,38,5.2,582.0,466.0,116.0,804.3,582.0,817.0
2024-12-09T14:00,20.0,46,19.2,0.000,31,5.6,633.0,518.0,115.0,836.8,633.0,872.9
2024-12-09T15:00,20.8,42,19.9,0.000,34,4.9,619.0,522.0,97.0,864.5,619.0,851.5
2024-12-09T16:00,21.1,40,19.8,0.000,37,3.4,528.0,415.0,113.0,775.9,528.0,754.2
2024-12-09T17:00,20.9,41,19.8,0.000,51,1.9,376.0,261.0,115.0,626.3,376.0,587.7
2024-12-09T18:00,20.2,43,19.1,0.000,67,2.6,190.0,118.0,72.0,458.0,190.0,363.3
2024-12-09T19:00,18.5,52,17.4,0.000,57,4.5,38.0,15.0,23.0,124.8,38.0,109.2
2024-12-09T20:00,16.6,65,15.8,0.000,58,5.5,0.0,0.0,0.0,0.0,0.0,0.0
2024-12-09T21:00,15.6,72,15.0,0.000,50,5.2,0.0,0.0,0.0,0.0,0.0,0.0
2024-12-09T22:00,14.6,75,14.0,0.000,43,4.7,0.0,0.0,0.0,0.0,0.0,0.0
2024-12-09T23:00,13.8,78,13.3,0.000,38,3.6,0.0,0.0,0.0,0.0,0.0,0.0
2024-12-10T00:00,13.0,82,12.5,0.000,36,3.3,0.0,0.0,0.0,0.0,0.0,0.0
2024-12-10T01:00,12.2,85,11.6,0.000,10,3.3,0.0,0.0,0.0,0.0,0.0,0.0
2024-12-10T02:00,11.3,88,10.6,0.000,0,3.4,0.0,0.0,0.0,0.0,0.0,0.0
2024-12-10T03:00,10.7,89,9.9,0.000,0,3.3,0.0,0.0,0.0,0.0,0.0,0.0
2024-12-10T04:00,10.2,89,9.3,0.000,0,3.6,0.0,0.0,0.0,0.0,0.0,0.0
2024-12-10T05:00,9.7,90,8.6,0.000,0,3.5,0.0,0.0,0.0,0.0,0.0,0.0
2024-12-10T06:00,9.2,90,8.0,0.000,0,3.5,0.0,0.0,0.0,0.0,0.0,0.0
2024-12-10T07:00,8.6,90,7.3,0.000,0,3.7,0.0,0.0,0.0,0.0,0.0,0.0
2024-12-10T08:00,8.1,91,6.7,0.000,0,4.0,0.0,0.0,0.0,0.0,0.0,0.0
2024-12-10T09:00,7.9,91,6.4,0.000,0,4.2,9.0,3.0,6.0,40.1,9.0,44.4
2024-12-10T10:00,9.4,84,7.8,0.000,0,5.2,135.0,88.0,47.0,507.6,135.0,244.5
2024-12-10T11:00,12.3,72,10.7,0.000,0,5.6,325.0,254.0,71.0,730.6,325.0,490.3
2024-12-10T12:00,15.2,62,13.8,0.000,0,6.3,488.0,407.0,81.0,838.2,488.0,684.8
2024-12-10T13:00,17.7,53,16.4,0.000,0,7.5,600.0,514.0,86.0,889.8,600.0,814.7
2024-12-10T14:00,19.2,46,17.8,0.000,0,9.0,649.0,563.0,86.0,911.5,649.0,871.2
2024-12-10T15:00,19.9,42,18.2,0.000,0,9.0,629.0,545.0,84.0,903.9,629.0,850.4
2024-12-10T16:00,20.1,42,18.0,0.000,0,8.3,546.0,466.0,80.0,872.0,546.0,753.7
2024-12-10T17:00,19.8,42,17.7,0.000,0,8.3,403.0,332.0,71.0,796.7,403.0,587.8
2024-12-10T18:00,18.9,43,16.8,0.000,0,7.9,220.0,164.0,56.0,635.7,220.0,363.9
2024-12-10T19:00,17.1,49,15.3,0.000,0,5.4,43.0,23.0,20.0,190.9,43.0,109.7
2024-12-10T20:00,15.1,57,13.5,0.000,0,4.9,0.0,0.0,0.0,0.0,0.0,0.0
2024-12-10T21:00,13.8,62,12.3,0.000,0,4.6,0.0,0.0,0.0,0.0,0.0,0.0
2024-12-10T22:00,12.7,67,11.2,0.000,0,4.7,0.0,0.0,0.0,0.0,0.0,0.0
2024-12-10T23:00,11.9,72,10.4,0.000,0,4.7,0.0,0.0,0.0,0.0,0.0,0.0
2024-12-11T00:00,11.0,76,9.6,0.000,0,4.6,0.0,0.0,0.0,0.0,0.0,0.0
2024-12-11T01:00,10.4,80,8.9,0.000,0,4.5,0.0,0.0,0.0,0.0,0.0,0.0
2024-12-11T02:00,9.7,82,8.2,0.000,0,4.5,0.0,0.0,0.0,0.0,0.0,0.0
2024-12-11T03:00,9.2,84,7.6,0.000,0,4.5,0.0,0.0,0.0,0.0,0.0,0.0
2024-12-11T04:00,8.7,86,7.2,0.000,0,4.5,0.0,0.0,0.0,0.0,0.0,0.0
2024-12-11T05:00,8.3,87,6.7,0.000,0,4.5,0.0,0.0,0.0,0.0,0.0,0.0
2024-12-11T06:00,7.9,88,6.2,0.000,0,4.7,0.0,0.0,0.0,0.0,0.0,0.0
2024-12-11T07:00,7.6,89,5.8,0.000,0,4.7,0.0,0.0,0.0,0.0,0.0,0.0
2024-12-11T08:00,7.3,89,5.5,0.000,0,5.1,0.0,0.0,0.0,0.0,0.0,0.0
2024-12-11T09:00,7.2,88,5.3,0.000,0,5.2,7.0,2.0,5.0,27.2,7.0,42.7
2024-12-11T10:00,8.7,80,6.6,0.000,0,6.3,133.0,84.0,49.0,491.2,133.0,241.2
2024-12-11T11:00,11.7,67,9.7,0.000,0,6.7,322.0,249.0,73.0,720.8,322.0,487.3
2024-12-11T12:00,14.7,56,12.6,0.000,0,7.3,486.0,401.0,85.0,829.3,486.0,682.2
2024-12-11T13:00,17.2,48,15.3,0.000,0,7.6,598.0,509.0,89.0,883.7,598.0,812.6
2024-12-11T14:00,19.0,41,17.0,0.000,0,9.5,647.0,557.0,90.0,903.6,647.0,869.6
2024-12-11T15:00,20.0,36,17.7,0.000,0,9.6,627.0,540.0,87.0,896.8,627.0,849.5
2024-12-11T16:00,20.5,36,17.9,0.000,0,8.9,544.0,461.0,83.0,863.2,544.0,753.4
2024-12-11T17:00,20.3,37,17.9,0.000,0,8.5,400.0,327.0,73.0,784.5,400.0,588.0
2024-12-11T18:00,19.5,39,17.1,0.000,0,7.7,219.0,162.0,57.0,626.8,219.0,364.6
2024-12-11T19:00,17.5,47,15.7,0.000,0,5.0,44.0,23.0,21.0,190.4,44.0,110.1
2024-12-11T20:00,16.1,53,14.5,0.000,0,4.7,0.0,0.0,0.0,0.0,0.0,0.0
2024-12-11T21:00,14.6,59,13.0,0.000,0,4.8,0.0,0.0,0.0,0.0,0.0,0.0
2024-12-11T22:00,13.3,64,11.7,0.000,0,4.8,0.0,0.0,0.0,0.0,0.0,0.0
2024-12-11T23:00,12.3,68,10.7,0.000,0,4.8,0.0,0.0,0.0,0.0,0.0,0.0
2024-12-12T00:00,11.5,70,9.8,0.000,0,4.7,0.0,0.0,0.0,0.0,0.0,0.0
2024-12-12T01:00,10.7,72,9.0,0.000,0,4.6,0.0,0.0,0.0,0.0,0.0,0.0
2024-12-12T02:00,10.0,74,8.2,0.000,0,4.6,0.0,0.0,0.0,0.0,0.0,0.0
2024-12-12T03:00,9.4,75,7.6,0.000,0,4.5,0.0,0.0,0.0,0.0,0.0,0.0
2024-12-12T04:00,8.9,75,6.9,0.000,0,4.5,0.0,0.0,0.0,0.0,0.0,0.0
2024-12-12T05:00,8.4,75,6.4,0.000,33,4.5,0.0,0.0,0.0,0.0,0.0,0.0
2024-12-12T06:00,8.0,74,5.8,0.000,65,4.6,0.0,0.0,0.0,0.0,0.0,0.0
2024-12-12T07:00,7.9,72,5.5,0.000,98,4.9,0.0,0.0,0.0,0.0,0.0,0.0
2024-12-12T08:00,7.7,70,5.2,0.000,67,5.2,0.0,0.0,0.0,0.0,0.0,0.0
2024-12-12T09:00,7.8,67,5.1,0.000,35,5.9,19.0,11.0,8.0,151.7,19.0,41.1
2024-12-12T10:00,8.8,63,6.0,0.000,4,6.4,118.0,72.0,46.0,426.2,118.0,238.1
2024-12-12T11:00,11.3,55,8.6,0.000,3,7.1,269.0,185.0,84.0,538.9,269.0,484.4
2024-12-12T12:00,14.7,45,11.9,0.000,1,7.9,437.0,337.0,100.0,699.6,437.0,679.7
2024-12-12T13:00,17.6,37,14.7,0.000,0,8.8,575.0,473.0,102.0,823.4,575.0,810.6
2024-12-12T14:00,19.4,32,16.7,0.000,0,9.5,640.0,542.0,98.0,880.9,640.0,868.2
2024-12-12T15:00,20.6,29,17.8,0.000,0,10.1,633.0,543.0,90.0,902.9,633.0,848.6
2024-12-12T16:00,21.1,29,17.9,0.000,0,10.1,557.0,478.0,79.0,895.5,557.0,753.2
2024-12-12T17:00,20.5,32,17.6,0.000,0,8.9,417.0,350.0,67.0,839.4,417.0,588.4
2024-12-12T18:00,19.2,36,16.6,0.000,0,7.2,242.0,195.0,47.0,752.9,242.0,365.5
2024-12-12T19:00,17.7,42,15.4,0.000,0,6.2,70.0,54.0,16.0,445.6,70.0,110.7
2024-12-12T20:00,16.1,48,14.0,0.000,0,6.0,0.0,0.0,0.0,0.0,0.0,0.0
2024-12-12T21:00,14.5,55,12.4,0.000,0,6.5,0.0,0.0,0.0,0.0,0.0,0.0
2024-12-12T22:00,13.0,61,11.0,0.000,0,6.5,0.0,0.0,0.0,0.0,0.0,0.0
2024-12-12T23:00,12.0,64,9.9,0.000,0,6.5,0.0,0.0,0.0,0.0,0.0,0.0
2024-12-13T00:00,11.3,66,9.2,0.000,0,6.2,0.0,0.0,0.0,0.0,0.0,0.0
2024-12-13T01:00,10.6,67,8.4,0.000,0,6.2,0.0,0.0,0.0,0.0,0.0,0.0
2024-12-13T02:00,9.9,68,7.6,0.000,0,6.3,0.0,0.0,0.0,0.0,0.0,0.0
2024-12-13T03:00,9.4,69,7.0,0.000,0,6.0,0.0,0.0,0.0,0.0,0.0,0.0
2024-12-13T04:00,8.8,70,6.4,0.000,0,6.1,0.0,0.0,0.0,0.0,0.0,0.0
2024-12-13T05:00,8.3,70,5.8,0.000,0,6.1,0.0,0.0,0.0,0.0,0.0,0.0
2024-12-13T06:00,7.7,70,5.1,0.000,0,6.4,0.0,0.0,0.0,0.0,0.0,0.0
2024-12-13T07:00,7.4,69,4.6,0.000,0,6.4,0.0,0.0,0.0,0.0,0.0,0.0
2024-12-13T08:00,7.0,67,4.2,0.000,0,6.3,0.0,0.0,0.0,0.0,0.0,0.0
2024-12-13T09:00,6.9,64,4.0,0.000,0,6.2,20.0,12.0,8.0,168.2,20.0,39.5
2024-12-13T10:00,7.8,60,4.8,0.000,0,6.2,123.0,77.0,46.0,458.8,123.0,235.0
2024-12-13T11:00,10.6,52,7.6,0.000,0,7.1,283.0,198.0,85.0,580.2,283.0,481.6
2024-12-13T12:00,14.3,42,11.3,0.000,0,8.0,458.0,357.0,101.0,743.9,458.0,677.3
2024-12-13T13:00,17.1,35,14.1,0.000,0,9.0,598.0,494.0,104.0,862.1,598.0,808.7
2024-12-13T14:00,19.5,30,16.6,0.000,0,11.0,664.0,566.0,98.0,921.5,664.0,866.9
2024-12-13T15:00,20.6,27,17.4,0.000,0,12.0,655.0,565.0,90.0,940.4,655.0,848.0
2024-12-13T16:00,20.9,26,17.2,0.000,0,12.0,574.0,494.0,80.0,925.8,574.0,753.1
2024-12-13T17:00,20.0,29,16.6,0.000,1,10.3,430.0,362.0,68.0,867.6,430.0,588.9
2024-12-13T18:00,18.3,35,15.5,0.000,1,7.4,250.0,202.0,48.0,778.1,250.0,366.4
2024-12-13T19:00,16.6,42,14.2,0.000,2,5.7,72.0,56.0,16.0,460.6,72.0,111.3
2024-12-13T20:00,15.0,49,12.7,0.000,1,5.9,0.0,0.0,0.0,0.0,0.0,0.0
2024-12-13T21:00,13.3,57,11.1,0.000,1,6.9,0.0,0.0,0.0,0.0,0.0,0.0
2024-12-13T22:00,11.9,63,9.6,0.000,0,7.6,0.0,0.0,0.0,0.0,0.0,0.0
2024-12-13T23:00,11.0,67,8.6,0.000,3,7.6,0.0,0.0,0.0,0.0,0.0,0.0
2024-12-14T00:00,10.3,70,8.0,0.000,5,7.6,0.0,0.0,0.0,0.0,0.0,0.0
2024-12-14T01:00,9.7,72,7.4,0.000,8,7.3,0.0,0.0,0.0,0.0,0.0,0.0
2024-12-14T02:00,9.1,74,6.8,0.000,5,7.3,0.0,0.0,0.0,0.0,0.0,0.0
2024-12-14T03:00,8.6,75,6.2,0.000,3,7.0,0.0,0.0,0.0,0.0,0.0,0.0
2024-12-14T04:00,8.1,77,5.6,0.000,0,7.1,0.0,0.0,0.0,0.0,0.0,0.0
2024-12-14T05:00,7.5,79,5.1,0.000,0,7.1,0.0,0.0,0.0,0.0,0.0,0.0
2024-12-14T06:00,7.0,81,4.5,0.000,0,7.1,0.0,0.0,0.0,0.0,0.0,0.0
2024-12-14T07:00,6.7,82,4.2,0.000,0,7.0,0.0,0.0,0.0,0.0,0.0,0.0
2024-12-14T08:00,6.6,82,4.1,0.000,0,6.6,0.0,0.0,0.0,0.0,0.0,0.0
2024-12-14T09:00,6.7,81,4.2,0.000,0,6.5,19.0,11.0,8.0,156.5,19.0,37.9
2024-12-14T10:00,7.6,77,5.2,0.000,0,6.5,118.0,72.0,46.0,431.8,118.0,232.1
2024-12-14T11:00,10.1,68,7.7,0.000,0,7.2,274.0,188.0,86.0,554.1,274.0,478.9
2024-12-14T12:00,13.4,55,10.9,0.000,0,7.9,444.0,342.0,102.0,715.2,444.0,675.0
2024-12-14T13:00,16.3,45,13.8,0.000,0,8.6,583.0,479.0,104.0,837.9,583.0,807.0
2024-12-14T14:00,18.2,38,16.0,0.000,0,9.0,650.0,550.0,100.0,896.8,650.0,865.8
2024-12-14T15:00,19.7,34,17.2,0.000,0,9.6,643.0,551.0,92.0,917.9,643.0,847.4
2024-12-14T16:00,20.3,33,17.4,0.000,0,9.4,567.0,485.0,82.0,909.0,567.0,753.2
2024-12-14T17:00,19.6,36,16.9,0.000,2,8.3,426.0,356.0,70.0,852.5,426.0,589.5
2024-12-14T18:00,18.0,43,15.9,0.000,4,6.7,248.0,199.0,49.0,764.4,248.0,367.5
2024-12-14T19:00,16.4,50,14.6,0.000,6,5.5,72.0,56.0,16.0,458.9,72.0,112.0
2024-12-14T20:00,14.9,57,13.2,0.000,4,5.1,0.0,0.0,0.0,0.0,0.0,0.0
2024-12-14T21:00,13.3,63,11.6,0.000,2,5.1,0.0,0.0,0.0,0.0,0.0,0.0
2024-12-14T22:00,11.9,69,10.2,0.000,0,5.1,0.0,0.0,0.0,0.0,0.0,0.0
2024-12-14T23:00,10.9,73,9.2,0.000,0,5.1,0.0,0.0,0.0,0.0,0.0,0.0
2024-12-15T00:00,10.2,75,8.4,0.000,0,4.8,0.0,0.0,0.0,0.0,0.0,0.0
2024-12-15T01:00,9.5,77,7.7,0.000,0,4.8,0.0,0.0,0.0,0.0,0.0,0.0
2024-12-15T02:00,8.8,79,6.9,0.000,0,4.7,0.0,0.0,0.0,0.0,0.0,0.0
2024-12-15T03:00,8.2,81,6.3,0.000,0,4.3,0.0,0.0,0.0,0.0,0.0,0.0
2024-12-15T04:00,7.7,83,5.8,0.000,0,4.3,0.0,0.0,0.0,0.0,0.0,0.0
2024-12-15T05:00,7.2,84,5.2,0.000,0,4.7,0.0,0.0,0.0,0.0,0.0,0.0
2024-12-15T06:00,6.8,85,4.7,0.000,0,5.1,0.0,0.0,0.0,0.0,0.0,0.0
2024-12-15T07:00,6.6,84,4.5,0.000,0,5.1,0.0,0.0,0.0,0.0,0.0,0.0
2024-12-15T08:00,6.6,83,4.4,0.000,0,5.0,0.0,0.0,0.0,0.0,0.0,0.0
2024-12-15T09:00,6.8,80,4.6,0.000,0,4.7,17.0,10.0,7.0,144.5,17.0,36.4
2024-12-15T10:00,7.9,75,5.8,0.000,0,4.5,114.0,70.0,44.0,422.4,114.0,229.2
2024-12-15T11:00,10.5,66,8.5,0.000,0,4.3,267.0,184.0,83.0,545.3,267.0,476.4
2024-12-15T12:00,13.9,54,11.9,0.000,0,4.9,436.0,336.0,100.0,705.0,436.0,672.9
2024-12-15T13:00,16.8,45,15.0,0.000,0,5.1,576.0,472.0,104.0,827.5,576.0,805.4
2024-12-15T14:00,18.8,39,17.3,0.000,0,5.0,645.0,544.0,101.0,888.2,645.0,864.8
2024-12-15T15:00,20.2,36,18.7,0.000,0,5.2,640.0,547.0,93.0,911.8,640.0,847.0
2024-12-15T16:00,20.7,36,18.8,0.000,0,5.4,565.0,483.0,82.0,905.2,565.0,753.4
2024-12-15T17:00,19.9,42,18.2,0.000,0,5.0,425.0,355.0,70.0,849.2,425.0,590.3
2024-12-15T18:00,18.2,50,16.9,0.000,0,4.3,248.0,199.0,49.0,762.1,248.0,368.7
2024-12-15T19:00,16.9,57,15.8,0.000,0,4.0,72.0,56.0,16.0,457.1,72.0,112.7
2024-12-15T20:00,21.2,12,17.3,0.000,0,4.9,0.0,0.0,0.0,0.0,0.0,0.0
2024-12-15T21:00,20.7,12,16.8,0.000,0,4.7,0.0,0.0,0.0,0.0,0.0,0.0
2024-12-15T22:00,20.2,13,16.3,0.000,0,4.8,0.0,0.0,0.0,0.0,0.0,0.0
2024-12-15T23:00,19.6,13,15.7,0.000,0,4.8,0.0,0.0,0.0,0.0,0.0,0.0
2024-12-16T00:00,19.1,14,15.3,0.000,0,4.8,0.0,0.0,0.0,0.0,0.0,0.0
2024-12-16T01:00,18.6,14,14.7,0.000,0,5.2,0.0,0.0,0.0,0.0,0.0,0.0
2024-12-16T02:00,18.2,14,14.2,0.000,0,5.0,0.0,0.0,0.0,0.0,0.0,0.0
2024-12-16T03:00,17.8,15,13.9,0.000,0,4.7,0.0,0.0,0.0,0.0,0.0,0.0
2024-12-16T04:00,17.4,15,13.6,0.000,0,3.9,0.0,0.0,0.0,0.0,0.0,0.0
2024-12-16T05:00,17.0,15,13.4,0.000,0,2.0,0.0,0.0,0.0,0.0,0.0,0.0
2024-12-16T06:00,16.6,15,13.1,0.000,0,1.5,0.0,0.0,0.0,0.0,0.0,0.0
2024-12-16T07:00,16.4,15,12.8,0.000,0,2.7,0.0,0.0,0.0,0.0,0.0,0.0
2024-12-16T08:00,16.3,15,12.7,0.000,0,2.4,0.0,0.0,0.0,0.0,0.0,0.0
2024-12-16T09:00,16.4,14,12.9,0.000,0,1.6,12.0,6.0,6.0,88.3,12.0,35.0
2024-12-16T10:00,16.9,13,13.2,0.000,0,1.8,86.0,50.0,36.0,304.0,86.0,226.5
2024-12-16T11:00,18.0,12,14.2,0.000,0,3.0,216.0,140.0,76.0,417.7,216.0,474.0
2024-12-16T12:00,19.6,11,15.5,0.000,0,4.8,378.0,271.0,107.0,570.9,378.0,670.9
2024-12-16T13:00,21.0,10,16.8,0.000,0,5.7,519.0,392.0,127.0,689.0,519.0,803.9
2024-12-16T14:00,22.1,9,18.1,0.000,0,5.4,590.0,456.0,134.0,745.8,590.0,863.9
2024-12-16T15:00,23.0,8,19.2,0.000,0,4.2,590.0,462.0,128.0,770.7,590.0,846.8
2024-12-16T16:00,23.5,8,19.6,0.000,0,3.6,520.0,407.0,113.0,762.7,520.0,753.8
2024-12-16T17:00,23.5,8,19.7,0.000,0,2.2,386.0,295.0,91.0,704.7,386.0,591.2
2024-12-16T18:00,23.0,8,19.5,0.000,0,0.0,221.0,161.0,60.0,614.3,221.0,370.0
2024-12-16T19:00,22.4,8,18.6,0.000,0,1.9,63.0,44.0,19.0,357.4,63.0,113.5
2024-12-16T20:00,21.8,8,17.8,0.000,0,2.9,0.0,0.0,0.0,0.0,0.0,0.0
2024-12-16T21:00,21.1,9,17.1,0.000,0,3.6,0.0,0.0,0.0,0.0,0.0,0.0
2024-12-16T22:00,20.4,9,16.3,0.000,0,4.2,0.0,0.0,0.0,0.0,0.0,0.0
2024-12-16T23:00,19.8,9,15.5,0.000,0,4.9,0.0,0.0,0.0,0.0,0.0,0.0
2024-12-17T00:00,19.2,10,14.9,0.000,0,5.8,0.0,0.0,0.0,0.0,0.0,0.0
2024-12-17T01:00,18.7,10,14.3,0.000,0,6.1,0.0,0.0,0.0,0.0,0.0,0.0
2024-12-17T02:00,18.2,11,13.9,0.000,0,5.9,0.0,0.0,0.0,0.0,0.0,0.0
2024-12-17T03:00,17.9,11,13.7,0.000,0,5.0,0.0,0.0,0.0,0.0,0.0,0.0
2024-12-17T04:00,17.5,12,13.5,0.000,0,4.3,0.0,0.0,0.0,0.0,0.0,0.0
2024-12-17T05:00,17.2,13,13.3,0.000,0,3.4,0.0,0.0,0.0,0.0,0.0,0.0
2024-12-17T06:00,16.8,13,13.0,0.000,0,2.9,0.0,0.0,0.0,0.0,0.0,0.0
2024-12-17T07:00,16.6,14,12.8,0.000,0,2.8,0.0,0.0,0.0,0.0,0.0,0.0
2024-12-17T08:00,16.4,15,12.6,0.000,0,3.4,0.0,0.0,0.0,0.0,0.0,0.0
2024-12-17T09:00,16.3,15,12.4,0.000,0,4.7,12.0,7.0,5.0,104.4,12.0,33.7
2024-12-17T10:00,16.7,15,12.6,0.000,0,5.8,84.0,50.0,34.0,305.7,84.0,223.9
2024-12-17T11:00,17.9,14,13.8,0.000,0,5.9,213.0,140.0,73.0,419.8,213.0,471.7
2024-12-17T12:00,19.5,13,15.5,0.000,0,5.6,374.0,268.0,106.0,566.2,374.0,669.1
2024-12-17T13:00,21.0,12,17.0,0.000,0,5.2,514.0,385.0,129.0,677.9,514.0,802.6
2024-12-17T14:00,22.1,11,18.3,0.000,0,5.4,586.0,450.0,136.0,736.7,586.0,863.2
2024-12-17T15:00,22.9,10,19.0,0.000,0,6.0,585.0,456.0,129.0,760.9,585.0,846.7
2024-12-17T16:00,23.5,10,19.2,0.000,0,7.1,516.0,403.0,113.0,754.8,516.0,754.2
2024-12-17T17:00,23.5,10,19.1,0.000,0,8.2,384.0,293.0,91.0,698.9,384.0,592.1
2024-12-17T18:00,23.2,10,18.6,0.000,0,9.2,220.0,160.0,60.0,608.2,220.0,371.4
2024-12-17T19:00,22.7,10,18.0,0.000,0,9.9,63.0,44.0,19.0,355.8,63.0,114.3
2024-12-17T20:00,22.0,11,17.4,0.000,0,8.9,0.0,0.0,0.0,0.0,0.0,0.0
2024-12-17T21:00,21.0,13,16.8,0.000,0,7.4,0.0,0.0,0.0,0.0,0.0,0.0
2024-12-17T22:00,20.2,14,16.2,0.000,0,6.1,0.0,0.0,0.0,0.0,0.0,0.0
2024-12-17T23:00,19.5,15,15.5,0.000,0,6.4,0.0,0.0,0.0,0.0,0.0,0.0
2024-12-18T00:00,18.9,15,14.8,0.000,0,7.2,0.0,0.0,0.0,0.0,0.0,0.0
2024-12-18T01:00,18.3,15,14.1,0.000,0,7.7,0.0,0.0,0.0,0.0,0.0,0.0
2024-12-18T02:00,17.7,15,13.4,0.000,0,7.7,0.0,0.0,0.0,0.0,0.0,0.0
2024-12-18T03:00,17.2,14,12.8,0.000,0,7.4,0.0,0.0,0.0,0.0,0.0,0.0
2024-12-18T04:00,16.6,14,12.2,0.000,0,7.4,0.0,0.0,0.0,0.0,0.0,0.0
2024-12-18T05:00,16.1,14,11.7,0.000,1,7.7,0.0,0.0,0.0,0.0,0.0,0.0
2024-12-18T06:00,15.7,14,11.1,0.000,1,8.4,0.0,0.0,0.0,0.0,0.0,0.0
2024-12-18T07:00,15.4,14,10.7,0.000,2,8.7,0.0,0.0,0.0,0.0,0.0,0.0
2024-12-18T08:00,15.1,14,10.4,0.000,1,8.9,0.0,0.0,0.0,0.0,0.0,0.0
2024-12-18T09:00,15.0,14,10.3,0.000,1,9.3,12.0,7.0,5.0,105.8,12.0,32.4
2024-12-18T10:00,15.4,14,10.5,0.000,0,9.9,84.0,50.0,34.0,307.3,84.0,221.5
2024-12-18T11:00,16.5,13,11.5,0.000,0,10.9,214.0,141.0,73.0,424.7,214.0,469.6
2024-12-18T12:00,18.2,12,13.1,0.000,0,11.9,375.0,269.0,106.0,569.9,375.0,667.4
2024-12-18T13:00,19.7,11,14.4,0.000,0,12.9,516.0,388.0,128.0,684.3,516.0,801.5
2024-12-18T14:00,21.0,10,15.8,0.000,0,14.0,588.0,453.0,135.0,742.2,588.0,862.6
2024-12-18T15:00,22.2,10,17.0,0.000,0,14.4,588.0,460.0,128.0,767.7,588.0,846.7
2024-12-18T16:00,22.9,10,17.5,0.000,0,14.5,519.0,406.0,113.0,760.0,519.0,754.9
2024-12-18T17:00,22.9,10,17.7,0.000,0,13.0,386.0,294.0,92.0,700.1,386.0,593.3
2024-12-18T18:00,22.4,11,17.6,0.000,0,11.1,222.0,161.0,61.0,609.6,222.0,373.0
2024-12-18T19:00,21.8,12,17.3,0.000,0,9.2,64.0,44.0,20.0,354.1,64.0,115.2
2024-12-18T20:00,21.2,13,16.8,0.000,0,8.5,0.0,0.0,0.0,0.0,0.0,0.0
2024-12-18T21:00,20.4,13,16.0,0.000,0,8.3,0.0,0.0,0.0,0.0,0.0,0.0
2024-12-18T22:00,19.7,14,15.3,0.000,0,8.3,0.0,0.0,0.0,0.0,0.0,0.0
2024-12-18T23:00,19.1,14,14.6,0.000,0,8.7,0.0,0.0,0.0,0.0,0.0,0.0
2024-12-19T00:00,18.5,14,13.9,0.000,0,9.8,0.0,0.0,0.0,0.0,0.0,0.0
2024-12-19T01:00,18.0,14,13.2,0.000,0,10.3,0.0,0.0,0.0,0.0,0.0,0.0
2024-12-19T02:00,17.4,14,12.7,0.000,0,10.0,0.0,0.0,0.0,0.0,0.0,0.0
2024-12-19T03:00,16.9,14,12.2,0.000,0,9.6,0.0,0.0,0.0,0.0,0.0,0.0
2024-12-19T04:00,16.4,15,11.8,0.000,0,9.0,0.0,0.0,0.0,0.0,0.0,0.0
2024-12-19T05:00,16.0,16,11.4,0.000,0,9.0,0.0,0.0,0.0,0.0,0.0,0.0
2024-12-19T06:00,15.6,17,11.0,0.000,0,9.3,0.0,0.0,0.0,0.0,0.0,0.0
2024-12-19T07:00,15.3,18,10.7,0.000,0,9.6,0.0,0.0,0.0,0.0,0.0,0.0
2024-12-19T08:00,15.1,18,10.4,0.000,0,10.0,0.0,0.0,0.0,0.0,0.0,0.0
2024-12-19T09:00,15.0,18,10.3,0.000,0,10.5,11.0,6.0,5.0,91.9,11.0,31.1
2024-12-19T10:00,15.4,18,10.6,0.000,0,11.1,82.0,48.0,34.0,296.6,82.0,219.2
2024-12-19T11:00,16.5,17,11.7,0.000,0,11.8,210.0,136.0,74.0,411.5,210.0,467.6
2024-12-19T12:00,18.2,16,13.4,0.000,0,12.0,369.0,263.0,106.0,558.5,369.0,665.9
2024-12-19T13:00,19.8,15,14.8,0.000,0,12.9,508.0,380.0,128.0,671.2,508.0,800.5
2024-12-19T14:00,21.2,14,16.3,0.000,0,13.9,580.0,445.0,135.0,729.6,580.0,862.2
2024-12-19T15:00,22.6,12,17.5,0.000,0,15.0,582.0,454.0,128.0,757.6,582.0,846.9
2024-12-19T16:00,23.5,11,18.1,0.000,0,15.1,515.0,402.0,113.0,751.8,515.0,755.6
2024-12-19T17:00,23.5,11,18.4,0.000,0,13.9,384.0,292.0,92.0,693.9,384.0,594.6
2024-12-19T18:00,23.0,11,18.1,0.000,0,12.1,221.0,160.0,61.0,603.2,221.0,374.7
2024-12-19T19:00,22.4,12,17.7,0.000,0,10.5,64.0,44.0,20.0,352.2,64.0,116.1
2024-12-19T20:00,21.7,13,17.2,0.000,0,9.6,0.0,0.0,0.0,0.0,0.0,0.0
2024-12-19T21:00,20.8,14,16.5,0.000,0,8.6,0.0,0.0,0.0,0.0,0.0,0.0
2024-12-19T22:00,20.0,14,15.7,0.000,0,8.1,0.0,0.0,0.0,0.0,0.0,0.0
2024-12-19T23:00,19.3,14,15.1,0.000,0,7.5,0.0,0.0,0.0,0.0,0.0,0.0
2024-12-20T00:00,18.7,13,14.3,0.000,0,7.8,0.0,0.0,0.0,0.0,0.0,0.0
2024-12-20T01:00,18.1,12,13.6,0.000,0,7.7,0.0,0.0,0.0,0.0,0.0,0.0
2024-12-20T02:00,17.6,12,13.0,0.000,0,8.1,0.0,0.0,0.0,0.0,0.0,0.0
2024-12-20T03:00,17.1,11,12.4,0.000,0,8.3,0.0,0.0,0.0,0.0,0.0,0.0
2024-12-20T04:00,16.7,11,11.9,0.000,0,8.9,0.0,0.0,0.0,0.0,0.0,0.0
2024-12-20T05:00,16.3,11,11.4,0.000,0,8.9,0.0,0.0,0.0,0.0,0.0,0.0
2024-12-20T06:00,15.9,12,11.1,0.000,0,8.9,0.0,0.0,0.0,0.0,0.0,0.0
2024-12-20T07:00,15.7,12,10.9,0.000,0,8.6,0.0,0.0,0.0,0.0,0.0,0.0
2024-12-20T08:00,15.5,12,10.8,0.000,0,8.2,0.0,0.0,0.0,0.0,0.0,0.0
2024-12-20T09:00,15.5,12,10.8,0.000,0,8.0,10.0,5.0,5.0,77.6,10.0,29.9
2024-12-20T10:00,15.9,12,11.3,0.000,0,7.7,79.0,45.0,34.0,279.4,79.0,216.9
2024-12-20T11:00,17.1,11,12.5,0.000,0,7.4,208.0,134.0,74.0,407.2,208.0,465.7
2024-12-20T12:00,18.7,10,14.2,0.000,0,7.1,370.0,263.0,107.0,559.8,370.0,664.4
2024-12-20T13:00,20.2,9,15.7,0.000,0,6.9,514.0,386.0,128.0,682.6,514.0,799.6
2024-12-20T14:00,21.4,9,17.2,0.000,0,7.0,587.0,452.0,135.0,741.4,587.0,861.9
2024-12-20T15:00,22.5,9,18.2,0.000,0,7.6,588.0,460.0,128.0,767.5,588.0,847.3
2024-12-20T16:00,23.1,9,18.5,0.000,0,8.0,520.0,407.0,113.0,760.3,520.0,756.6
2024-12-20T17:00,23.1,9,18.6,0.000,0,7.3,388.0,296.0,92.0,701.8,388.0,596.0
2024-12-20T18:00,22.6,10,18.4,0.000,0,6.5,224.0,163.0,61.0,611.6,224.0,376.5
2024-12-20T19:00,22.1,10,18.0,0.000,0,5.4,65.0,45.0,20.0,358.2,65.0,117.2
2024-12-20T20:00,21.6,11,17.7,0.000,0,4.7,0.0,0.0,0.0,0.0,0.0,0.0
2024-12-20T21:00,21.1,11,17.2,0.000,0,3.7,0.0,0.0,0.0,0.0,0.0,0.0
2024-12-20T22:00,20.5,12,16.8,0.000,0,3.2,0.0,0.0,0.0,0.0,0.0,0.0
2024-12-20T23:00,20.1,12,16.4,0.000,0,2.6,0.0,0.0,0.0,0.0,0.0,0.0
2024-12-21T00:00,19.6,13,16.1,0.000,0,1.8,0.0,0.0,0.0,0.0,0.0,0.0
2024-12-21T01:00,19.1,13,15.7,0.000,0,1.5,0.0,0.0,0.0,0.0,0.0,0.0
2024-12-21T02:00,18.6,13,15.0,0.000,0,1.9,0.0,0.0,0.0,0.0,0.0,0.0
2024-12-21T03:00,17.9,13,14.1,0.000,0,3.3,0.0,0.0,0.0,0.0,0.0,0.0
2024-12-21T04:00,17.4,13,13.4,0.000,0,4.0,0.0,0.0,0.0,0.0,0.0,0.0
2024-12-21T05:00,16.8,13,12.8,0.000,0,4.4,0.0,0.0,0.0,0.0,0.0,0.0
2024-12-21T06:00,16.3,13,12.3,0.000,0,4.2,0.0,0.0,0.0,0.0,0.0,0.0
2024-12-21T07:00,16.0,13,12.0,0.000,0,4.2,0.0,0.0,0.0,0.0,0.0,0.0
2024-12-21T08:00,15.9,13,11.9,0.000,0,3.8,0.0,0.0,0.0,0.0,0.0,0.0
2024-12-21T09:00,15.9,13,11.9,0.000,0,3.6,10.0,5.0,5.0,78.6,10.0,28.8
2024-12-21T10:00,16.4,12,12.5,0.000,0,3.1,77.0,43.0,34.0,268.3,77.0,214.7
2024-12-21T11:00,17.6,11,13.7,0.000,0,2.9,203.0,129.0,74.0,393.6,203.0,463.9
2024-12-21T12:00,19.3,10,15.4,0.000,0,2.6,364.0,258.0,106.0,550.4,364.0,663.1
2024-12-21T13:00,20.8,9,16.9,0.000,0,2.5,507.0,380.0,127.0,672.7,507.0,798.8
2024-12-21T14:00,21.9,8,18.4,0.000,0,1.3,580.0,446.0,134.0,731.8,580.0,861.8
2024-12-21T15:00,22.8,7,19.3,0.000,0,1.1,582.0,454.0,128.0,757.1,582.0,847.8
2024-12-21T16:00,23.3,6,19.2,0.000,0,2.6,515.0,402.0,113.0,750.0,515.0,757.7
2024-12-21T17:00,23.2,6,19.1,0.000,0,2.9,385.0,293.0,92.0,693.0,385.0,597.6
2024-12-21T18:00,22.6,7,18.7,0.000,0,2.5,223.0,162.0,61.0,604.7,223.0,378.5
2024-12-21T19:00,22.1,7,18.1,0.000,0,2.6,65.0,45.0,20.0,356.0,65.0,118.3
2024-12-21T20:00,21.6,7,17.6,0.000,0,2.1,0.0,0.0,0.0,0.0,0.0,0.0
2024-12-21T21:00,21.0,8,17.2,0.000,0,1.8,0.0,0.0,0.0,0.0,0.0,0.0
2024-12-21T22:00,20.4,8,16.7,0.000,0,1.3,0.0,0.0,0.0,0.0,0.0,0.0
2024-12-21T23:00,19.9,8,16.1,0.000,0,1.4,0.0,0.0,0.0,0.0,0.0,0.0
2024-12-22T00:00,19.3,8,15.3,0.000,0,2.5,0.0,0.0,0.0,0.0,0.0,0.0
2024-12-22T01:00,18.8,9,14.8,0.000,0,3.0,0.0,0.0,0.0,0.0,0.0,0.0
2024-12-22T02:00,18.4,11,14.5,0.000,0,2.9,0.0,0.0,0.0,0.0,0.0,0.0
2024-12-22T03:00,18.0,14,14.4,0.000,0,2.3,0.0,0.0,0.0,0.0,0.0,0.0
2024-12-22T04:00,17.6,16,14.1,0.000,0,2.4,0.0,0.0,0.0,0.0,0.0,0.0
2024-12-22T05:00,17.1,18,13.7,0.000,0,3.0,0.0,0.0,0.0,0.0,0.0,0.0
2024-12-22T06:00,16.6,19,13.1,0.000,0,3.6,0.0,0.0,0.0,0.0,0.0,0.0
2024-12-22T07:00,16.3,20,12.8,0.000,0,4.0,0.0,0.0,0.0,0.0,0.0,0.0
2024-12-22T08:00,16.1,20,12.7,0.000,0,3.1,0.0,0.0,0.0,0.0,0.0,0.0
2024-12-22T09:00,16.1,20,12.8,0.000,0,2.3,9.0,5.0,4.0,79.6,9.0,27.6
2024-12-22T10:00,16.6,20,13.3,0.000,0,2.2,77.0,45.0,32.0,282.1,77.0,212.6
2024-12-22T11:00,17.8,19,14.4,0.000,0,3.1,204.0,133.0,71.0,407.4,204.0,462.1
2024-12-22T12:00,19.4,17,15.9,0.000,0,4.0,363.0,258.0,105.0,551.5,363.0,661.9
2024-12-22T13:00,20.8,16,17.3,0.000,0,4.4,505.0,377.0,128.0,668.1,505.0,798.2
2024-12-22T14:00,21.9,15,18.7,0.000,0,3.8,578.0,442.0,136.0,725.3,578.0,861.8
2024-12-22T15:00,22.9,15,19.9,0.000,0,2.9,581.0,451.0,130.0,751.6,581.0,848.4
2024-12-22T16:00,23.4,15,20.3,0.000,0,1.9,516.0,402.0,114.0,748.9,516.0,758.9
2024-12-22T17:00,23.3,16,20.5,0.000,0,1.0,386.0,293.0,93.0,691.0,386.0,599.4
2024-12-22T18:00,22.8,17,20.1,0.000,0,1.0,224.0,162.0,62.0,601.4,224.0,380.7
2024-12-22T19:00,22.3,18,19.4,0.000,0,2.3,66.0,46.0,20.0,361.6,66.0,119.5
2024-12-22T20:00,21.7,19,18.7,0.000,0,3.1,0.0,0.0,0.0,0.0,0.0,0.0
2024-12-22T21:00,21.0,21,18.0,0.000,0,3.9,0.0,0.0,0.0,0.0,0.0,0.0
2024-12-22T22:00,20.4,22,17.3,0.000,0,4.7,0.0,0.0,0.0,0.0,0.0,0.0
2024-12-22T23:00,19.8,23,16.6,0.000,0,5.4,0.0,0.0,0.0,0.0,0.0,0.0
2024-12-23T00:00,19.2,24,16.0,0.000,0,5.8,0.0,0.0,0.0,0.0,0.0,0.0
2024-12-23T01:00,18.7,24,15.4,0.000,0,5.9,0.0,0.0,0.0,0.0,0.0,0.0
2024-12-23T02:00,18.2,24,14.9,0.000,0,5.5,0.0,0.0,0.0,0.0,0.0,0.0
2024-12-23T03:00,17.8,24,14.5,0.000,0,5.2,0.0,0.0,0.0,0.0,0.0,0.0
2024-12-23T04:00,17.4,24,14.1,0.000,0,4.8,0.0,0.0,0.0,0.0,0.0,0.0
2024-12-23T05:00,17.0,24,13.7,0.000,0,4.6,0.0,0.0,0.0,0.0,0.0,0.0
2024-12-23T06:00,16.6,25,13.4,0.000,0,4.5,0.0,0.0,0.0,0.0,0.0,0.0
2024-12-23T07:00,16.4,25,13.1,0.000,0,4.7,0.0,0.0,0.0,0.0,0.0,0.0
2024-12-23T08:00,16.2,25,12.9,0.000,0,4.8,0.0,0.0,0.0,0.0,0.0,0.0
2024-12-23T09:00,16.2,25,12.8,0.000,0,4.9,9.0,5.0,4.0,80.6,9.0,26.5
2024-12-23T10:00,16.6,25,13.2,0.000,0,5.4,75.0,43.0,32.0,270.7,75.0,210.6
2024-12-23T11:00,17.7,23,14.2,0.000,0,5.9,199.0,128.0,71.0,393.5,199.0,460.5
2024-12-23T12:00,19.3,21,15.8,0.000,0,6.1,357.0,252.0,105.0,539.6,357.0,660.7
2024-12-23T13:00,20.8,19,17.3,0.000,0,6.1,498.0,370.0,128.0,656.1,498.0,797.7
2024-12-23T14:00,21.9,18,18.7,0.000,0,5.1,571.0,435.0,136.0,713.8,571.0,861.9
2024-12-23T15:00,22.8,17,19.9,0.000,0,3.3,575.0,445.0,130.0,741.0,575.0,849.2
2024-12-23T16:00,23.3,16,20.4,0.000,0,2.1,511.0,396.0,115.0,736.5,511.0,760.3
2024-12-23T17:00,23.2,16,20.4,0.000,0,1.0,384.0,290.0,94.0,681.9,384.0,601.3
2024-12-23T18:00,22.7,16,19.9,0.000,0,0.8,224.0,162.0,62.0,597.8,224.0,383.0
2024-12-23T19:00,22.2,17,19.3,0.000,0,1.5,66.0,46.0,20.0,359.1,66.0,120.8
2024-12-23T20:00,21.7,18,18.7,0.000,0,2.1,0.0,0.0,0.0,0.0,0.0,0.0
2024-12-23T21:00,21.1,18,18.0,0.000,0,3.0,0.0,0.0,0.0,0.0,0.0,0.0
2024-12-23T22:00,20.5,19,17.3,0.000,0,3.7,0.0,0.0,0.0,0.0,0.0,0.0
2024-12-23T23:00,19.9,20,16.6,0.000,0,4.6,0.0,0.0,0.0,0.0,0.0,0.0

time,temperature_2m_max (°C),temperature_2m_min (°C),apparent_temperature_max (°C),apparent_temperature_min (°C),sunrise (iso8601),sunset (iso8601),daylight_duration (s),sunshine_duration (s),uv_index_max (),precipitation_sum (inch),precipitation_probability_max (%),wind_speed_10m_max (km/h),wind_gusts_10m_max (km/h),wind_direction_10m_dominant (°),shortwave_radiation_sum (MJ/m²),et0_fao_evapotranspiration (inch)
2024-12-01,25.3,13.0,25.1,12.9,2024-12-01T08:26,2024-12-01T18:53,37630.99,34030.23,3.85,0.000,0,7.4,22.0,307,14.50,0.104
2024-12-02,25.9,12.2,25.5,11.7,2024-12-02T08:27,2024-12-02T18:53,37585.88,34031.40,3.80,0.000,0,5.5,17.3,304,14.62,0.103
2024-12-03,26.6,13.0,25.8,13.0,2024-12-03T08:28,2024-12-03T18:53,37542.61,34033.25,3.80,0.000,0,8.4,24.1,306,14.53,0.109
2024-12-04,26.3,14.2,24.1,13.7,2024-12-04T08:28,2024-12-04T18:53,37501.21,34096.33,3.75,0.000,0,10.2,28.8,288,14.73,0.120
2024-12-05,23.5,10.8,20.9,9.7,2024-12-05T08:29,2024-12-05T18:53,37461.76,34100.55,3.80,0.000,0,10.1,29.9,282,14.98,0.113
2024-12-06,23.7,10.6,21.5,9.0,2024-12-06T08:30,2024-12-06T18:53,37424.32,34106.47,3.80,0.000,0,10.4,28.4,284,14.83,0.111
2024-12-07,22.9,9.4,21.1,8.0,2024-12-07T08:31,2024-12-07T18:54,37388.94,34114.05,3.75,0.000,0,4.3,14.8,292,14.88,0.098
2024-12-08,22.0,9.4,19.7,7.5,2024-12-08T08:31,2024-12-08T18:54,37355.69,32615.58,3.65,0.008,38,8.7,28.4,116,12.22,0.096
2024-12-09,21.1,10.7,19.9,9.7,2024-12-09T08:32,2024-12-09T18:54,37324.62,33336.02,3.65,0.035,50,9.8,29.5,93,13.95,0.091
2024-12-10,20.1,7.9,18.2,6.4,2024-12-10T08:33,2024-12-10T18:54,37295.80,34146.34,3.65,0.000,0,9.0,26.3,299,14.57,0.094
2024-12-11,20.5,7.2,17.9,5.3,2024-12-11T08:33,2024-12-11T18:54,37269.28,34160.14,3.70,0.000,0,9.6,27.7,291,14.50,0.096
2024-12-12,21.1,7.7,17.9,5.1,2024-12-12T08:34,2024-12-12T18:55,37245.12,34172.14,3.70,0.000,0,10.1,28.8,294,14.32,0.101
2024-12-13,20.9,6.9,17.4,4.0,2024-12-13T08:35,2024-12-13T18:55,37223.38,34185.73,3.35,0.000,0,12.0,33.1,296,14.86,0.107
2024-12-14,20.3,6.6,17.4,4.1,2024-12-14T08:35,2024-12-14T18:55,37204.12,34191.56,3.35,0.000,0,9.6,27.0,280,14.56,0.095
2024-12-15,21.2,6.6,18.8,4.4,2024-12-15T08:36,2024-12-15T18:56,37187.39,34191.12,3.40,0.000,0,5.4,17.3,280,14.42,0.098
2024-12-16,23.5,16.3,19.7,12.7,2024-12-16T08:36,2024-12-16T18:56,37173.25,34122.65,3.40,0.000,0,5.7,7.2,77,12.89,0.108
2024-12-17,23.5,16.3,19.2,12.4,2024-12-17T08:37,2024-12-17T18:56,37161.75,34145.48,3.40,0.000,3,9.9,11.2,339,12.78,0.139
2024-12-18,22.9,15.0,17.7,10.3,2024-12-18T08:38,2024-12-18T18:57,37152.95,34150.88,3.40,0.000,3,14.5,30.6,301,12.84,0.172
2024-12-19,23.5,15.0,18.4,10.3,2024-12-19T08:38,2024-12-19T18:57,37146.75,34125.65,3.35,0.000,0,15.1,27.7,299,12.69,0.179
2024-12-20,23.1,15.5,18.6,10.8,2024-12-20T08:39,2024-12-20T18:58,37143.08,34094.81,3.35,0.000,0,8.9,20.5,293,12.79,0.148
2024-12-21,23.3,15.9,19.3,11.9,2024-12-21T08:39,2024-12-21T18:58,37141.93,34101.16,3.40,0.000,0,4.4,6.1,10,12.64,0.098
2024-12-22,23.4,16.1,20.5,12.7,2024-12-22T08:40,2024-12-22T18:59,37143.27,34110.55,3.40,0.000,0,5.4,19.8,62,12.63,0.102
2024-12-23,23.3,16.2,20.4,12.8,2024-12-23T08:40,2024-12-23T18:59,37147.08,34122.95,3.40,0.000,0,6.1,13.3,116,12.49,0.111
